body,direction,queue_depth,iaa_agg_MBps,cpu_frac,iaa_ratio,sw_single_MBps,effective_cores
ingress-6-517074b.bin,compress,1,969.5,1.000,0.3151,138.6,7.00
ingress-6-517074b.bin,compress,2,1936.4,1.000,0.3151,138.6,13.97
ingress-6-517074b.bin,compress,4,3823.8,1.000,0.3151,138.6,27.59
ingress-6-517074b.bin,compress,8,7663.0,1.000,0.3151,138.6,55.30
ingress-6-517074b.bin,compress,16,7825.9,1.000,0.3151,138.6,56.47
ingress-6-517074b.bin,decompress,1,2588.0,1.000,0.3151,874.0,2.96
ingress-6-517074b.bin,decompress,2,5163.0,1.000,0.3151,874.0,5.91
ingress-6-517074b.bin,decompress,4,10181.2,1.000,0.3151,874.0,11.65
ingress-6-517074b.bin,decompress,8,20186.6,1.000,0.3151,874.0,23.10
ingress-6-517074b.bin,decompress,16,39783.7,1.000,0.3151,874.0,45.52
egress-3-77366b.bin,compress,1,851.0,1.000,0.3112,117.5,7.24
egress-3-77366b.bin,compress,2,1657.6,1.000,0.3112,117.5,14.10
egress-3-77366b.bin,compress,4,2618.8,1.000,0.3112,117.5,22.28
egress-3-77366b.bin,compress,8,6457.4,1.000,0.3112,117.5,54.94
egress-3-77366b.bin,compress,16,7555.6,1.000,0.3112,117.5,64.28
egress-3-77366b.bin,decompress,1,2278.0,1.000,0.3112,776.3,2.93
egress-3-77366b.bin,decompress,2,4604.8,1.000,0.3112,776.3,5.93
egress-3-77366b.bin,decompress,4,8501.0,1.000,0.3112,776.3,10.95
egress-3-77366b.bin,decompress,8,17164.4,1.000,0.3112,776.3,22.11
egress-3-77366b.bin,decompress,16,34129.2,1.000,0.3112,776.3,43.96
ingress-3-77388b.bin,compress,1,854.4,1.000,0.3144,117.2,7.29
ingress-3-77388b.bin,compress,2,1661.5,1.000,0.3144,117.2,14.17
ingress-3-77388b.bin,compress,4,2547.2,1.000,0.3144,117.2,21.73
ingress-3-77388b.bin,compress,8,6429.8,0.999,0.3144,117.2,54.85
ingress-3-77388b.bin,compress,16,7557.0,1.000,0.3144,117.2,64.47
ingress-3-77388b.bin,decompress,1,2299.6,1.000,0.3144,780.4,2.95
ingress-3-77388b.bin,decompress,2,4648.7,1.000,0.3144,780.4,5.96
ingress-3-77388b.bin,decompress,4,8569.2,1.000,0.3144,780.4,10.98
ingress-3-77388b.bin,decompress,8,17319.4,1.000,0.3144,780.4,22.19
ingress-3-77388b.bin,decompress,16,34403.8,1.000,0.3144,780.4,44.08
ingress-2-12575b.bin,compress,1,497.2,0.999,0.3193,157.9,3.15
ingress-2-12575b.bin,compress,2,907.5,1.000,0.3193,157.9,5.75
ingress-2-12575b.bin,compress,4,1431.2,1.000,0.3193,157.9,9.06
ingress-2-12575b.bin,compress,8,2841.3,1.000,0.3193,157.9,17.99
ingress-2-12575b.bin,compress,16,2848.0,1.000,0.3193,157.9,18.04
ingress-2-12575b.bin,decompress,1,1220.8,1.000,0.3193,685.6,1.78
ingress-2-12575b.bin,decompress,2,2180.5,1.000,0.3193,685.6,3.18
ingress-2-12575b.bin,decompress,4,3884.9,1.000,0.3193,685.6,5.67
ingress-2-12575b.bin,decompress,8,5689.8,1.000,0.3193,685.6,8.30
ingress-2-12575b.bin,decompress,16,5720.5,1.000,0.3193,685.6,8.34
egress-6-280108b.bin,compress,1,953.8,1.000,0.3004,150.4,6.34
egress-6-280108b.bin,compress,2,1906.1,1.000,0.3004,150.4,12.67
egress-6-280108b.bin,compress,4,3626.0,1.000,0.3004,150.4,24.11
egress-6-280108b.bin,compress,8,7455.1,1.000,0.3004,150.4,49.56
egress-6-280108b.bin,compress,16,7824.8,1.000,0.3004,150.4,52.02
egress-6-280108b.bin,decompress,1,2411.7,1.000,0.3004,781.1,3.09
egress-6-280108b.bin,decompress,2,4838.8,1.000,0.3004,781.1,6.19
egress-6-280108b.bin,decompress,4,9442.4,1.000,0.3004,781.1,12.09
egress-6-280108b.bin,decompress,8,18823.3,1.000,0.3004,781.1,24.10
egress-6-280108b.bin,decompress,16,37411.2,1.000,0.3004,781.1,47.90
egress-1-3759b.bin,compress,1,357.3,1.000,0.3671,130.1,2.75
egress-1-3759b.bin,compress,2,641.3,1.000,0.3671,130.1,4.93
egress-1-3759b.bin,compress,4,977.8,1.000,0.3671,130.1,7.51
egress-1-3759b.bin,compress,8,1099.6,1.000,0.3671,130.1,8.45
egress-1-3759b.bin,compress,16,1111.4,1.000,0.3671,130.1,8.54
egress-1-3759b.bin,decompress,1,593.1,1.000,0.3671,588.0,1.01
egress-1-3759b.bin,decompress,2,953.7,1.000,0.3671,588.0,1.62
egress-1-3759b.bin,decompress,4,1100.6,1.000,0.3671,588.0,1.87
egress-1-3759b.bin,decompress,8,1105.7,1.000,0.3671,588.0,1.88
egress-1-3759b.bin,decompress,16,1106.9,1.000,0.3671,588.0,1.88
ingress-4-206903b.bin,compress,1,938.3,1.000,0.3288,127.5,7.36
ingress-4-206903b.bin,compress,2,1854.9,1.000,0.3288,127.5,14.55
ingress-4-206903b.bin,compress,4,3666.3,1.000,0.3288,127.5,28.76
ingress-4-206903b.bin,compress,8,7301.6,1.000,0.3288,127.5,57.28
ingress-4-206903b.bin,compress,16,7787.8,1.000,0.3288,127.5,61.09
ingress-4-206903b.bin,decompress,1,2518.0,1.000,0.3288,809.5,3.11
ingress-4-206903b.bin,decompress,2,5053.6,1.000,0.3288,809.5,6.24
ingress-4-206903b.bin,decompress,4,9767.7,1.000,0.3288,809.5,12.07
ingress-4-206903b.bin,decompress,8,19617.5,1.000,0.3288,809.5,24.23
ingress-4-206903b.bin,decompress,16,38885.3,1.000,0.3288,809.5,48.03
ingress-0-1316b.bin,compress,1,188.9,1.000,0.4347,98.3,1.92
ingress-0-1316b.bin,compress,2,316.6,1.000,0.4347,98.3,3.22
ingress-0-1316b.bin,compress,4,383.2,1.000,0.4347,98.3,3.90
ingress-0-1316b.bin,compress,8,384.6,1.000,0.4347,98.3,3.91
ingress-0-1316b.bin,compress,16,384.5,1.000,0.4347,98.3,3.91
ingress-0-1316b.bin,decompress,1,249.2,1.000,0.4347,391.4,0.64
ingress-0-1316b.bin,decompress,2,357.8,1.000,0.4347,391.4,0.91
ingress-0-1316b.bin,decompress,4,384.1,1.000,0.4347,391.4,0.98
ingress-0-1316b.bin,decompress,8,386.0,1.000,0.4347,391.4,0.99
ingress-0-1316b.bin,decompress,16,386.0,1.000,0.4347,391.4,0.99
ingress-5-258999b.bin,compress,1,950.5,1.000,0.3042,147.2,6.46
ingress-5-258999b.bin,compress,2,1882.9,1.000,0.3042,147.2,12.79
ingress-5-258999b.bin,compress,4,3683.0,1.000,0.3042,147.2,25.02
ingress-5-258999b.bin,compress,8,7428.1,1.000,0.3042,147.2,50.46
ingress-5-258999b.bin,compress,16,7823.1,1.000,0.3042,147.2,53.14
ingress-5-258999b.bin,decompress,1,2518.8,1.000,0.3042,784.3,3.21
ingress-5-258999b.bin,decompress,2,5051.8,1.000,0.3042,784.3,6.44
ingress-5-258999b.bin,decompress,4,9774.6,1.000,0.3042,784.3,12.46
ingress-5-258999b.bin,decompress,8,19637.3,1.000,0.3042,784.3,25.04
ingress-5-258999b.bin,decompress,16,39067.4,1.000,0.3042,784.3,49.81
ingress-1-3781b.bin,compress,1,358.1,1.000,0.3682,131.4,2.73
ingress-1-3781b.bin,compress,2,639.4,1.000,0.3682,131.4,4.87
ingress-1-3781b.bin,compress,4,975.1,1.000,0.3682,131.4,7.42
ingress-1-3781b.bin,compress,8,1121.2,1.000,0.3682,131.4,8.53
ingress-1-3781b.bin,compress,16,1135.9,1.000,0.3682,131.4,8.64
ingress-1-3781b.bin,decompress,1,594.7,1.000,0.3682,591.5,1.01
ingress-1-3781b.bin,decompress,2,955.5,1.000,0.3682,591.5,1.62
ingress-1-3781b.bin,decompress,4,1110.8,1.000,0.3682,591.5,1.88
ingress-1-3781b.bin,decompress,8,1114.0,1.000,0.3682,591.5,1.88
ingress-1-3781b.bin,decompress,16,1116.3,1.000,0.3682,591.5,1.89
ingress-7-1292095b.bin,compress,1,982.0,1.000,0.3078,156.5,6.28
ingress-7-1292095b.bin,compress,2,1970.4,1.000,0.3078,156.5,12.59
ingress-7-1292095b.bin,compress,4,3908.6,1.000,0.3078,156.5,24.98
ingress-7-1292095b.bin,compress,8,7804.3,1.000,0.3078,156.5,49.88
ingress-7-1292095b.bin,compress,16,7791.3,1.000,0.3078,156.5,49.80
ingress-7-1292095b.bin,decompress,1,2564.8,1.000,0.3078,846.9,3.03
ingress-7-1292095b.bin,decompress,2,5149.0,1.000,0.3078,846.9,6.08
ingress-7-1292095b.bin,decompress,4,10220.5,1.000,0.3078,846.9,12.07
ingress-7-1292095b.bin,decompress,8,19794.9,1.000,0.3078,846.9,23.37
ingress-7-1292095b.bin,decompress,16,38278.2,1.000,0.3078,846.9,45.20
egress-2-12553b.bin,compress,1,497.3,1.000,0.3174,156.6,3.17
egress-2-12553b.bin,compress,2,897.7,1.000,0.3174,156.6,5.73
egress-2-12553b.bin,compress,4,1425.5,0.999,0.3174,156.6,9.10
egress-2-12553b.bin,compress,8,2837.0,1.000,0.3174,156.6,18.11
egress-2-12553b.bin,compress,16,2846.3,1.000,0.3174,156.6,18.17
egress-2-12553b.bin,decompress,1,1295.9,1.000,0.3174,691.2,1.87
egress-2-12553b.bin,decompress,2,2294.1,1.000,0.3174,691.2,3.32
egress-2-12553b.bin,decompress,4,4007.0,1.000,0.3174,691.2,5.80
egress-2-12553b.bin,decompress,8,5666.5,1.000,0.3174,691.2,8.20
egress-2-12553b.bin,decompress,16,5690.9,1.000,0.3174,691.2,8.23
egress-7-423691b.bin,compress,1,968.1,1.000,0.3240,142.2,6.81
egress-7-423691b.bin,compress,2,1936.3,1.000,0.3240,142.2,13.62
egress-7-423691b.bin,compress,4,3828.0,1.000,0.3240,142.2,26.92
egress-7-423691b.bin,compress,8,7651.9,1.000,0.3240,142.2,53.81
egress-7-423691b.bin,compress,16,7840.4,1.000,0.3240,142.2,55.13
egress-7-423691b.bin,decompress,1,2408.7,1.000,0.3240,795.4,3.03
egress-7-423691b.bin,decompress,2,4851.3,1.000,0.3240,795.4,6.10
egress-7-423691b.bin,decompress,4,9541.5,1.000,0.3240,795.4,12.00
egress-7-423691b.bin,decompress,8,19116.9,1.000,0.3240,795.4,24.03
egress-7-423691b.bin,decompress,16,37495.6,1.000,0.3240,795.4,47.14
egress-5-206881b.bin,compress,1,937.2,1.000,0.3198,129.6,7.23
egress-5-206881b.bin,compress,2,1855.7,1.000,0.3198,129.6,14.31
egress-5-206881b.bin,compress,4,3641.1,1.000,0.3198,129.6,28.09
egress-5-206881b.bin,compress,8,7323.6,1.000,0.3198,129.6,56.49
egress-5-206881b.bin,compress,16,7788.0,1.000,0.3198,129.6,60.08
egress-5-206881b.bin,decompress,1,2351.1,1.000,0.3198,857.9,2.74
egress-5-206881b.bin,decompress,2,4713.8,1.000,0.3198,857.9,5.49
egress-5-206881b.bin,decompress,4,9135.9,1.000,0.3198,857.9,10.65
egress-5-206881b.bin,decompress,8,18318.0,1.000,0.3198,857.9,21.35
egress-5-206881b.bin,decompress,16,36509.3,1.000,0.3198,857.9,42.56
egress-4-93392b.bin,compress,1,877.0,1.000,0.3139,123.9,7.08
egress-4-93392b.bin,compress,2,1707.2,1.000,0.3139,123.9,13.78
egress-4-93392b.bin,compress,4,3341.6,1.000,0.3139,123.9,26.97
egress-4-93392b.bin,compress,8,6656.5,1.000,0.3139,123.9,53.73
egress-4-93392b.bin,compress,16,7691.7,1.000,0.3139,123.9,62.09
egress-4-93392b.bin,decompress,1,2185.4,1.000,0.3139,771.5,2.83
egress-4-93392b.bin,decompress,2,4406.7,1.000,0.3139,771.5,5.71
egress-4-93392b.bin,decompress,4,8219.4,1.000,0.3139,771.5,10.65
egress-4-93392b.bin,decompress,8,16663.0,1.000,0.3139,771.5,21.60
egress-4-93392b.bin,decompress,16,33172.6,1.000,0.3139,771.5,43.00
egress-0-1294b.bin,compress,1,185.9,0.999,0.4212,97.2,1.91
egress-0-1294b.bin,compress,2,313.6,1.000,0.4212,97.2,3.23
egress-0-1294b.bin,compress,4,379.4,1.000,0.4212,97.2,3.90
egress-0-1294b.bin,compress,8,379.9,1.000,0.4212,97.2,3.91
egress-0-1294b.bin,compress,16,380.1,1.000,0.4212,97.2,3.91
egress-0-1294b.bin,decompress,1,250.8,1.000,0.4212,410.3,0.61
egress-0-1294b.bin,decompress,2,356.5,1.000,0.4212,410.3,0.87
egress-0-1294b.bin,decompress,4,380.2,1.000,0.4212,410.3,0.93
egress-0-1294b.bin,decompress,8,381.8,1.000,0.4212,410.3,0.93
egress-0-1294b.bin,decompress,16,381.8,1.000,0.4212,410.3,0.93
